<?xml version="1.0" encoding="utf-8"?>
<gwcConfiguration xmlns:xsi="http://www.w3.org/2001/XMLSchema-instance" xsi:schemaLocation="http://geowebcache.org/schema/1.19.0 http://geowebcache.org/schema/1.19.0/geowebcache.xsd" xmlns="http://geowebcache.org/schema/1.19.0">
  <version>1.19.0</version>
  <backendTimeout>120</backendTimeout>
  <blobStores/>
  <gridSets>
    <gridSet>
      <name>EPSG:3857</name>
      <description>This well-known scale set has been defined to be compatible with Google Maps and Microsoft Live Map projections and zoom levels. Level 0 allows representing the whole world in a single 256x256 pixels. The next level represents the whole world in 2x2 tiles of 256x256 pixels and so on in powers of 2. Scale denominator is only accurate near the equator.</description>
      <srs>
        <number>3857</number>
      </srs>
      <extent>
        <coords>
          <double>-2.003750834E7</double>
          <double>-2.003750834E7</double>
          <double>2.003750834E7</double>
          <double>2.003750834E7</double>
        </coords>
      </extent>
      <alignTopLeft>false</alignTopLeft>
      <resolutions>
        <double>156543.03390625</double>
        <double>78271.516953125</double>
        <double>39135.7584765625</double>
        <double>19567.87923828125</double>
        <double>9783.939619140625</double>
        <double>4891.9698095703125</double>
        <double>2445.9849047851562</double>
        <double>1222.9924523925781</double>
        <double>611.4962261962891</double>
        <double>305.74811309814453</double>
        <double>152.87405654907226</double>
        <double>76.43702827453613</double>
        <double>38.218514137268066</double>
        <double>19.109257068634033</double>
        <double>9.554628534317017</double>
        <double>4.777314267158508</double>
        <double>2.388657133579254</double>
        <double>1.194328566789627</double>
        <double>0.5971642833948135</double>
        <double>0.2985821416974068</double>
        <double>0.1492910708487034</double>
        <double>0.0746455354243517</double>
        <double>0.0373227677121758</double>
        <double>0.0186613838560879</double>
        <double>0.009330691928044</double>
        <double>0.004665345964022</double>
        <double>0.002332672982011</double>
        <double>0.0011663364910055</double>
        <double>5.831682455027E-4</double>
        <double>2.915841227514E-4</double>
        <double>1.457920613757E-4</double>
      </resolutions>
      <metersPerUnit>1.0</metersPerUnit>
      <pixelSize>2.8E-4</pixelSize>
      <scaleNames>
        <string>EPSG:3857:0</string>
        <string>EPSG:3857:1</string>
        <string>EPSG:3857:2</string>
        <string>EPSG:3857:3</string>
        <string>EPSG:3857:4</string>
        <string>EPSG:3857:5</string>
        <string>EPSG:3857:6</string>
        <string>EPSG:3857:7</string>
        <string>EPSG:3857:8</string>
        <string>EPSG:3857:9</string>
        <string>EPSG:3857:10</string>
        <string>EPSG:3857:11</string>
        <string>EPSG:3857:12</string>
        <string>EPSG:3857:13</string>
        <string>EPSG:3857:14</string>
        <string>EPSG:3857:15</string>
        <string>EPSG:3857:16</string>
        <string>EPSG:3857:17</string>
        <string>EPSG:3857:18</string>
        <string>EPSG:3857:19</string>
        <string>EPSG:3857:20</string>
        <string>EPSG:3857:21</string>
        <string>EPSG:3857:22</string>
        <string>EPSG:3857:23</string>
        <string>EPSG:3857:24</string>
        <string>EPSG:3857:25</string>
        <string>EPSG:3857:26</string>
        <string>EPSG:3857:27</string>
        <string>EPSG:3857:28</string>
        <string>EPSG:3857:29</string>
        <string>EPSG:3857:30</string>
      </scaleNames>
      <tileHeight>256</tileHeight>
      <tileWidth>256</tileWidth>
      <yCoordinateFirst>false</yCoordinateFirst>
    </gridSet>
    <gridSet>
      <name>EPSG:3857x2</name>
      <description>This well-known scale set has been defined to be compatible with Google Maps and Microsoft Live Map projections and zoom levels. Level 0 allows representing the whole world in a single 512x512 pixels. The next level represents the whole world in 4x4 tiles of 512x512 pixels and so on in powers of 2. Scale denominator is only accurate near the equator.</description>
      <srs>
        <number>3857</number>
      </srs>
      <extent>
        <coords>
          <double>-2.003750834E7</double>
          <double>-2.003750834E7</double>
          <double>2.003750834E7</double>
          <double>2.003750834E7</double>
        </coords>
      </extent>
      <alignTopLeft>false</alignTopLeft>
      <resolutions>
        <double>78271.516953125</double>
        <double>39135.7584765625</double>
        <double>19567.87923828125</double>
        <double>9783.939619140625</double>
        <double>4891.9698095703125</double>
        <double>2445.9849047851562</double>
        <double>1222.9924523925781</double>
        <double>611.4962261962891</double>
        <double>305.74811309814453</double>
        <double>152.87405654907226</double>
        <double>76.43702827453613</double>
        <double>38.218514137268066</double>
        <double>19.109257068634033</double>
        <double>9.554628534317017</double>
        <double>4.777314267158508</double>
        <double>2.388657133579254</double>
        <double>1.194328566789627</double>
        <double>0.5971642833948135</double>
        <double>0.2985821416974068</double>
        <double>0.1492910708487034</double>
        <double>0.0746455354243517</double>
        <double>0.0373227677121758</double>
        <double>0.0186613838560879</double>
        <double>0.009330691928044</double>
        <double>0.004665345964022</double>
        <double>0.002332672982011</double>
        <double>0.0011663364910055</double>
        <double>5.831682455027E-4</double>
        <double>2.915841227514E-4</double>
        <double>1.457920613757E-4</double>
        <double>7.28960306878E-5</double>
      </resolutions>
      <metersPerUnit>1.0</metersPerUnit>
      <pixelSize>2.8E-4</pixelSize>
      <scaleNames>
        <string>EPSG:3857x2:0</string>
        <string>EPSG:3857x2:1</string>
        <string>EPSG:3857x2:2</string>
        <string>EPSG:3857x2:3</string>
        <string>EPSG:3857x2:4</string>
        <string>EPSG:3857x2:5</string>
        <string>EPSG:3857x2:6</string>
        <string>EPSG:3857x2:7</string>
        <string>EPSG:3857x2:8</string>
        <string>EPSG:3857x2:9</string>
        <string>EPSG:3857x2:10</string>
        <string>EPSG:3857x2:11</string>
        <string>EPSG:3857x2:12</string>
        <string>EPSG:3857x2:13</string>
        <string>EPSG:3857x2:14</string>
        <string>EPSG:3857x2:15</string>
        <string>EPSG:3857x2:16</string>
        <string>EPSG:3857x2:17</string>
        <string>EPSG:3857x2:18</string>
        <string>EPSG:3857x2:19</string>
        <string>EPSG:3857x2:20</string>
        <string>EPSG:3857x2:21</string>
        <string>EPSG:3857x2:22</string>
        <string>EPSG:3857x2:23</string>
        <string>EPSG:3857x2:24</string>
        <string>EPSG:3857x2:25</string>
        <string>EPSG:3857x2:26</string>
        <string>EPSG:3857x2:27</string>
        <string>EPSG:3857x2:28</string>
        <string>EPSG:3857x2:29</string>
        <string>EPSG:3857x2:30</string>
      </scaleNames>
      <tileHeight>512</tileHeight>
      <tileWidth>512</tileWidth>
      <yCoordinateFirst>false</yCoordinateFirst>
    </gridSet>
  </gridSets>
  <layers/>
</gwcConfiguration>