<?xml version="1.0" encoding="UTF-8"?>
<Configuration name="OIDC_LOGGING" status="fatal" dest="out">
    <Appenders>
        <Console name="stdout" target="SYSTEM_OUT">
            <PatternLayout pattern="%date{dd MMM HH:mm:ss} %-6level [%logger{2}] - %msg%n%throwable{filters(org.junit,org.apache.maven,sun.reflect,java.lang.reflect)}"/>
        </Console>
        <RollingFile name="geoserverlogfile">
            <filename>logs/geoserver.log</filename>
            <filePattern>logs/geoserver-%i.log</filePattern>
            <PatternLayout pattern="%date{dd mmm HH:mm:ss} %-6level [%logger{2}] - %msg%n%throwable{filters(org.junit,org.apache.maven,sun.reflect,java.lang.reflect)}"/>
            <Policies>
                <SizeBasedTriggeringPolicy size="20 MB" />
            </Policies>
            <DefaultRolloverStrategy max="3" fileIndex="min"/>
        </RollingFile>
    </Appenders>
    <Loggers>

        <Logger name="org.geotools" level="warn" additivity="false">
            <AppenderRef ref="stdout"/>
            <AppenderRef ref="geoserverlogfile"/>
        </Logger>
        <Logger name="org.geotools.factory" level="warn" additivity="false">
            <AppenderRef ref="stdout"/>
            <AppenderRef ref="geoserverlogfile"/>
        </Logger>

        <Logger name="org.geoserver" level="warn" additivity="false">
            <AppenderRef ref="stdout"/>
            <AppenderRef ref="geoserverlogfile"/>
        </Logger>
        <Logger name="org.vfny.geoserver" level="warn" additivity="false">
            <AppenderRef ref="stdout"/>
            <AppenderRef ref="geoserverlogfile"/>
        </Logger>

        <Logger name="org.springframework" level="warn" additivity="false">
            <AppenderRef ref="stdout"/>
            <AppenderRef ref="geoserverlogfile"/>
        </Logger>

        <Logger name="org.geowebcache" level="error" additivity="false">
            <AppenderRef ref="stdout"/>
            <AppenderRef ref="geoserverlogfile"/>
        </Logger>

        <Logger name="org.geoserver.catalog" level="config" additivity="false">
            <AppenderRef ref="stdout"/>
            <AppenderRef ref="geoserverlogfile"/>
        </Logger>

        <Logger name="org.geoserver.security" level="config" additivity="false">
            <AppenderRef ref="stdout"/>
            <AppenderRef ref="geoserverlogfile"/>
        </Logger>

        <Logger name="org.geoserver.security.oauth2" level="trace" additivity="false">
            <AppenderRef ref="stdout"/>
            <AppenderRef ref="geoserverlogfile"/>
        </Logger>

        <Root level="warn">
            <AppenderRef ref="stdout"/>
            <AppenderRef ref="geoserverlogfile"/>
        </Root>
    </Loggers>
</Configuration>