username,email,password
fake_1,fake_1@example.com,admin
fake_2,fake_2@example.com,admin
fake_3,fake_3@example.com,admin
fake_4,fake_4@example.com,admin
fake_5,fake_5@example.com,admin
fake_6,fake_6@example.com,admin
fake_7,fake_7@example.com,admin
fake_8,fake_8@example.com,admin
fake_9,fake_9@example.com,admin
fake_10,fake_10@example.com,admin
fake_11,fake_11@example.com,admin
fake_12,fake_12@example.com,admin
fake_13,fake_13@example.com,admin
fake_14,fake_14@example.com,admin
fake_15,fake_15@example.com,admin
fake_16,fake_16@example.com,admin
fake_17,fake_17@example.com,admin
fake_18,fake_18@example.com,admin
fake_19,fake_19@example.com,admin
fake_20,fake_20@example.com,admin
fake_21,fake_21@example.com,admin
fake_22,fake_22@example.com,admin
fake_23,fake_23@example.com,admin
fake_24,fake_24@example.com,admin
fake_25,fake_25@example.com,admin
fake_26,fake_26@example.com,admin
fake_27,fake_27@example.com,admin
fake_28,fake_28@example.com,admin
fake_29,fake_29@example.com,admin
fake_30,fake_30@example.com,admin
fake_31,fake_31@example.com,admin
fake_32,fake_32@example.com,admin
fake_33,fake_33@example.com,admin
fake_34,fake_34@example.com,admin
fake_35,fake_35@example.com,admin
fake_36,fake_36@example.com,admin
fake_37,fake_37@example.com,admin
fake_38,fake_38@example.com,admin
fake_39,fake_39@example.com,admin
fake_40,fake_40@example.com,admin
fake_41,fake_41@example.com,admin
fake_42,fake_42@example.com,admin
fake_43,fake_43@example.com,admin
fake_44,fake_44@example.com,admin
fake_45,fake_45@example.com,admin
fake_46,fake_46@example.com,admin
fake_47,fake_47@example.com,admin
fake_48,fake_48@example.com,admin
fake_49,fake_49@example.com,admin
fake_50,fake_50@example.com,admin
fake_51,fake_51@example.com,admin
fake_52,fake_52@example.com,admin
fake_53,fake_53@example.com,admin
fake_54,fake_54@example.com,admin
fake_55,fake_55@example.com,admin
fake_56,fake_56@example.com,admin
fake_57,fake_57@example.com,admin
fake_58,fake_58@example.com,admin
fake_59,fake_59@example.com,admin
fake_60,fake_60@example.com,admin
fake_61,fake_61@example.com,admin
fake_62,fake_62@example.com,admin
fake_63,fake_63@example.com,admin
fake_64,fake_64@example.com,admin
fake_65,fake_65@example.com,admin
fake_66,fake_66@example.com,admin
fake_67,fake_67@example.com,admin
fake_68,fake_68@example.com,admin
fake_69,fake_69@example.com,admin
fake_70,fake_70@example.com,admin
fake_71,fake_71@example.com,admin
fake_72,fake_72@example.com,admin
fake_73,fake_73@example.com,admin
fake_74,fake_74@example.com,admin
fake_75,fake_75@example.com,admin
fake_76,fake_76@example.com,admin
fake_77,fake_77@example.com,admin
fake_78,fake_78@example.com,admin
fake_79,fake_79@example.com,admin
fake_80,fake_80@example.com,admin
fake_81,fake_81@example.com,admin
fake_82,fake_82@example.com,admin
fake_83,fake_83@example.com,admin
fake_84,fake_84@example.com,admin
fake_85,fake_85@example.com,admin
fake_86,fake_86@example.com,admin
fake_87,fake_87@example.com,admin
fake_88,fake_88@example.com,admin
fake_89,fake_89@example.com,admin
fake_90,fake_90@example.com,admin
fake_91,fake_91@example.com,admin
fake_92,fake_92@example.com,admin
fake_93,fake_93@example.com,admin
fake_94,fake_94@example.com,admin
fake_95,fake_95@example.com,admin
fake_96,fake_96@example.com,admin
fake_97,fake_97@example.com,admin
fake_98,fake_98@example.com,admin
fake_99,fake_99@example.com,admin
fake_100,fake_100@example.com,admin
fake_101,fake_101@example.com,admin
fake_102,fake_102@example.com,admin
fake_103,fake_103@example.com,admin
fake_104,fake_104@example.com,admin
fake_105,fake_105@example.com,admin
fake_106,fake_106@example.com,admin
fake_107,fake_107@example.com,admin
fake_108,fake_108@example.com,admin
fake_109,fake_109@example.com,admin
fake_110,fake_110@example.com,admin
fake_111,fake_111@example.com,admin
fake_112,fake_112@example.com,admin
fake_113,fake_113@example.com,admin
fake_114,fake_114@example.com,admin
fake_115,fake_115@example.com,admin
fake_116,fake_116@example.com,admin
fake_117,fake_117@example.com,admin
fake_118,fake_118@example.com,admin
fake_119,fake_119@example.com,admin
fake_120,fake_120@example.com,admin
fake_121,fake_121@example.com,admin
fake_122,fake_122@example.com,admin
fake_123,fake_123@example.com,admin
fake_124,fake_124@example.com,admin
fake_125,fake_125@example.com,admin
fake_126,fake_126@example.com,admin
fake_127,fake_127@example.com,admin
fake_128,fake_128@example.com,admin
fake_129,fake_129@example.com,admin
fake_130,fake_130@example.com,admin
fake_131,fake_131@example.com,admin
fake_132,fake_132@example.com,admin
fake_133,fake_133@example.com,admin
fake_134,fake_134@example.com,admin
fake_135,fake_135@example.com,admin
fake_136,fake_136@example.com,admin
fake_137,fake_137@example.com,admin
fake_138,fake_138@example.com,admin
fake_139,fake_139@example.com,admin
fake_140,fake_140@example.com,admin
fake_141,fake_141@example.com,admin
fake_142,fake_142@example.com,admin
fake_143,fake_143@example.com,admin
fake_144,fake_144@example.com,admin
fake_145,fake_145@example.com,admin
fake_146,fake_146@example.com,admin
fake_147,fake_147@example.com,admin
fake_148,fake_148@example.com,admin
fake_149,fake_149@example.com,admin
fake_150,fake_150@example.com,admin
fake_151,fake_151@example.com,admin
fake_152,fake_152@example.com,admin
fake_153,fake_153@example.com,admin
fake_154,fake_154@example.com,admin
fake_155,fake_155@example.com,admin
fake_156,fake_156@example.com,admin
fake_157,fake_157@example.com,admin
fake_158,fake_158@example.com,admin
fake_159,fake_159@example.com,admin
fake_160,fake_160@example.com,admin
fake_161,fake_161@example.com,admin
fake_162,fake_162@example.com,admin
fake_163,fake_163@example.com,admin
fake_164,fake_164@example.com,admin
fake_165,fake_165@example.com,admin
fake_166,fake_166@example.com,admin
fake_167,fake_167@example.com,admin
fake_168,fake_168@example.com,admin
fake_169,fake_169@example.com,admin
fake_170,fake_170@example.com,admin
fake_171,fake_171@example.com,admin
fake_172,fake_172@example.com,admin
fake_173,fake_173@example.com,admin
fake_174,fake_174@example.com,admin
fake_175,fake_175@example.com,admin
fake_176,fake_176@example.com,admin
fake_177,fake_177@example.com,admin
fake_178,fake_178@example.com,admin
fake_179,fake_179@example.com,admin
fake_180,fake_180@example.com,admin
fake_181,fake_181@example.com,admin
fake_182,fake_182@example.com,admin
fake_183,fake_183@example.com,admin
fake_184,fake_184@example.com,admin
fake_185,fake_185@example.com,admin
fake_186,fake_186@example.com,admin
fake_187,fake_187@example.com,admin
fake_188,fake_188@example.com,admin
fake_189,fake_189@example.com,admin
fake_190,fake_190@example.com,admin
fake_191,fake_191@example.com,admin
fake_192,fake_192@example.com,admin
fake_193,fake_193@example.com,admin
fake_194,fake_194@example.com,admin
fake_195,fake_195@example.com,admin
fake_196,fake_196@example.com,admin
fake_197,fake_197@example.com,admin
fake_198,fake_198@example.com,admin
fake_199,fake_199@example.com,admin
fake_200,fake_200@example.com,admin
fake_201,fake_201@example.com,admin
fake_202,fake_202@example.com,admin
fake_203,fake_203@example.com,admin
fake_204,fake_204@example.com,admin
fake_205,fake_205@example.com,admin
fake_206,fake_206@example.com,admin
fake_207,fake_207@example.com,admin
fake_208,fake_208@example.com,admin
fake_209,fake_209@example.com,admin
fake_210,fake_210@example.com,admin
fake_211,fake_211@example.com,admin
fake_212,fake_212@example.com,admin
fake_213,fake_213@example.com,admin
fake_214,fake_214@example.com,admin
fake_215,fake_215@example.com,admin
fake_216,fake_216@example.com,admin
fake_217,fake_217@example.com,admin
fake_218,fake_218@example.com,admin
fake_219,fake_219@example.com,admin
fake_220,fake_220@example.com,admin
fake_221,fake_221@example.com,admin
fake_222,fake_222@example.com,admin
fake_223,fake_223@example.com,admin
fake_224,fake_224@example.com,admin
fake_225,fake_225@example.com,admin
fake_226,fake_226@example.com,admin
fake_227,fake_227@example.com,admin
fake_228,fake_228@example.com,admin
fake_229,fake_229@example.com,admin
fake_230,fake_230@example.com,admin
fake_231,fake_231@example.com,admin
fake_232,fake_232@example.com,admin
fake_233,fake_233@example.com,admin
fake_234,fake_234@example.com,admin
fake_235,fake_235@example.com,admin
fake_236,fake_236@example.com,admin
fake_237,fake_237@example.com,admin
fake_238,fake_238@example.com,admin
fake_239,fake_239@example.com,admin
fake_240,fake_240@example.com,admin
fake_241,fake_241@example.com,admin
fake_242,fake_242@example.com,admin
fake_243,fake_243@example.com,admin
fake_244,fake_244@example.com,admin
fake_245,fake_245@example.com,admin
fake_246,fake_246@example.com,admin
fake_247,fake_247@example.com,admin
fake_248,fake_248@example.com,admin
fake_249,fake_249@example.com,admin
fake_250,fake_250@example.com,admin
fake_251,fake_251@example.com,admin
fake_252,fake_252@example.com,admin
fake_253,fake_253@example.com,admin
fake_254,fake_254@example.com,admin
fake_255,fake_255@example.com,admin
fake_256,fake_256@example.com,admin
fake_257,fake_257@example.com,admin
fake_258,fake_258@example.com,admin
fake_259,fake_259@example.com,admin
fake_260,fake_260@example.com,admin
fake_261,fake_261@example.com,admin
fake_262,fake_262@example.com,admin
fake_263,fake_263@example.com,admin
fake_264,fake_264@example.com,admin
fake_265,fake_265@example.com,admin
fake_266,fake_266@example.com,admin
fake_267,fake_267@example.com,admin
fake_268,fake_268@example.com,admin
fake_269,fake_269@example.com,admin
fake_270,fake_270@example.com,admin
fake_271,fake_271@example.com,admin
fake_272,fake_272@example.com,admin
fake_273,fake_273@example.com,admin
fake_274,fake_274@example.com,admin
fake_275,fake_275@example.com,admin
fake_276,fake_276@example.com,admin
fake_277,fake_277@example.com,admin
fake_278,fake_278@example.com,admin
fake_279,fake_279@example.com,admin
fake_280,fake_280@example.com,admin
fake_281,fake_281@example.com,admin
fake_282,fake_282@example.com,admin
fake_283,fake_283@example.com,admin
fake_284,fake_284@example.com,admin
fake_285,fake_285@example.com,admin
fake_286,fake_286@example.com,admin
fake_287,fake_287@example.com,admin
fake_288,fake_288@example.com,admin
fake_289,fake_289@example.com,admin
fake_290,fake_290@example.com,admin
fake_291,fake_291@example.com,admin
fake_292,fake_292@example.com,admin
fake_293,fake_293@example.com,admin
fake_294,fake_294@example.com,admin
fake_295,fake_295@example.com,admin
fake_296,fake_296@example.com,admin
fake_297,fake_297@example.com,admin
fake_298,fake_298@example.com,admin
fake_299,fake_299@example.com,admin
fake_300,fake_300@example.com,admin
fake_301,fake_301@example.com,admin
fake_302,fake_302@example.com,admin
fake_303,fake_303@example.com,admin
fake_304,fake_304@example.com,admin
fake_305,fake_305@example.com,admin
fake_306,fake_306@example.com,admin
fake_307,fake_307@example.com,admin
fake_308,fake_308@example.com,admin
fake_309,fake_309@example.com,admin
fake_310,fake_310@example.com,admin
fake_311,fake_311@example.com,admin
fake_312,fake_312@example.com,admin
fake_313,fake_313@example.com,admin
fake_314,fake_314@example.com,admin
fake_315,fake_315@example.com,admin
fake_316,fake_316@example.com,admin
fake_317,fake_317@example.com,admin
fake_318,fake_318@example.com,admin
fake_319,fake_319@example.com,admin
fake_320,fake_320@example.com,admin
fake_321,fake_321@example.com,admin
fake_322,fake_322@example.com,admin
fake_323,fake_323@example.com,admin
fake_324,fake_324@example.com,admin
fake_325,fake_325@example.com,admin
fake_326,fake_326@example.com,admin
fake_327,fake_327@example.com,admin
fake_328,fake_328@example.com,admin
fake_329,fake_329@example.com,admin
fake_330,fake_330@example.com,admin
fake_331,fake_331@example.com,admin
fake_332,fake_332@example.com,admin
fake_333,fake_333@example.com,admin
fake_334,fake_334@example.com,admin
fake_335,fake_335@example.com,admin
fake_336,fake_336@example.com,admin
fake_337,fake_337@example.com,admin
fake_338,fake_338@example.com,admin
fake_339,fake_339@example.com,admin
fake_340,fake_340@example.com,admin
fake_341,fake_341@example.com,admin
fake_342,fake_342@example.com,admin
fake_343,fake_343@example.com,admin
fake_344,fake_344@example.com,admin
fake_345,fake_345@example.com,admin
fake_346,fake_346@example.com,admin
fake_347,fake_347@example.com,admin
fake_348,fake_348@example.com,admin
fake_349,fake_349@example.com,admin
fake_350,fake_350@example.com,admin
fake_351,fake_351@example.com,admin
fake_352,fake_352@example.com,admin
fake_353,fake_353@example.com,admin
fake_354,fake_354@example.com,admin
fake_355,fake_355@example.com,admin
fake_356,fake_356@example.com,admin
fake_357,fake_357@example.com,admin
fake_358,fake_358@example.com,admin
fake_359,fake_359@example.com,admin
fake_360,fake_360@example.com,admin
fake_361,fake_361@example.com,admin
fake_362,fake_362@example.com,admin
fake_363,fake_363@example.com,admin
fake_364,fake_364@example.com,admin
fake_365,fake_365@example.com,admin
fake_366,fake_366@example.com,admin
fake_367,fake_367@example.com,admin
fake_368,fake_368@example.com,admin
fake_369,fake_369@example.com,admin
fake_370,fake_370@example.com,admin
fake_371,fake_371@example.com,admin
fake_372,fake_372@example.com,admin
fake_373,fake_373@example.com,admin
fake_374,fake_374@example.com,admin
fake_375,fake_375@example.com,admin
fake_376,fake_376@example.com,admin
fake_377,fake_377@example.com,admin
fake_378,fake_378@example.com,admin
fake_379,fake_379@example.com,admin
fake_380,fake_380@example.com,admin
fake_381,fake_381@example.com,admin
fake_382,fake_382@example.com,admin
fake_383,fake_383@example.com,admin
fake_384,fake_384@example.com,admin
fake_385,fake_385@example.com,admin
fake_386,fake_386@example.com,admin
fake_387,fake_387@example.com,admin
fake_388,fake_388@example.com,admin
fake_389,fake_389@example.com,admin
fake_390,fake_390@example.com,admin
fake_391,fake_391@example.com,admin
fake_392,fake_392@example.com,admin
fake_393,fake_393@example.com,admin
fake_394,fake_394@example.com,admin
fake_395,fake_395@example.com,admin
fake_396,fake_396@example.com,admin
fake_397,fake_397@example.com,admin
fake_398,fake_398@example.com,admin
fake_399,fake_399@example.com,admin
fake_400,fake_400@example.com,admin
fake_401,fake_401@example.com,admin
fake_402,fake_402@example.com,admin
fake_403,fake_403@example.com,admin
fake_404,fake_404@example.com,admin
fake_405,fake_405@example.com,admin
fake_406,fake_406@example.com,admin
fake_407,fake_407@example.com,admin
fake_408,fake_408@example.com,admin
fake_409,fake_409@example.com,admin
fake_410,fake_410@example.com,admin
fake_411,fake_411@example.com,admin
fake_412,fake_412@example.com,admin
fake_413,fake_413@example.com,admin
fake_414,fake_414@example.com,admin
fake_415,fake_415@example.com,admin
fake_416,fake_416@example.com,admin
fake_417,fake_417@example.com,admin
fake_418,fake_418@example.com,admin
fake_419,fake_419@example.com,admin
fake_420,fake_420@example.com,admin
fake_421,fake_421@example.com,admin
fake_422,fake_422@example.com,admin
fake_423,fake_423@example.com,admin
fake_424,fake_424@example.com,admin
fake_425,fake_425@example.com,admin
fake_426,fake_426@example.com,admin
fake_427,fake_427@example.com,admin
fake_428,fake_428@example.com,admin
fake_429,fake_429@example.com,admin
fake_430,fake_430@example.com,admin
fake_431,fake_431@example.com,admin
fake_432,fake_432@example.com,admin
fake_433,fake_433@example.com,admin
fake_434,fake_434@example.com,admin
fake_435,fake_435@example.com,admin
fake_436,fake_436@example.com,admin
fake_437,fake_437@example.com,admin
fake_438,fake_438@example.com,admin
fake_439,fake_439@example.com,admin
fake_440,fake_440@example.com,admin
fake_441,fake_441@example.com,admin
fake_442,fake_442@example.com,admin
fake_443,fake_443@example.com,admin
fake_444,fake_444@example.com,admin
fake_445,fake_445@example.com,admin
fake_446,fake_446@example.com,admin
fake_447,fake_447@example.com,admin
fake_448,fake_448@example.com,admin
fake_449,fake_449@example.com,admin
fake_450,fake_450@example.com,admin
fake_451,fake_451@example.com,admin
fake_452,fake_452@example.com,admin
fake_453,fake_453@example.com,admin
fake_454,fake_454@example.com,admin
fake_455,fake_455@example.com,admin
fake_456,fake_456@example.com,admin
fake_457,fake_457@example.com,admin
fake_458,fake_458@example.com,admin
fake_459,fake_459@example.com,admin
fake_460,fake_460@example.com,admin
fake_461,fake_461@example.com,admin
fake_462,fake_462@example.com,admin
fake_463,fake_463@example.com,admin
fake_464,fake_464@example.com,admin
fake_465,fake_465@example.com,admin
fake_466,fake_466@example.com,admin
fake_467,fake_467@example.com,admin
fake_468,fake_468@example.com,admin
fake_469,fake_469@example.com,admin
fake_470,fake_470@example.com,admin
fake_471,fake_471@example.com,admin
fake_472,fake_472@example.com,admin
fake_473,fake_473@example.com,admin
fake_474,fake_474@example.com,admin
fake_475,fake_475@example.com,admin
fake_476,fake_476@example.com,admin
fake_477,fake_477@example.com,admin
fake_478,fake_478@example.com,admin
fake_479,fake_479@example.com,admin
fake_480,fake_480@example.com,admin
fake_481,fake_481@example.com,admin
fake_482,fake_482@example.com,admin
fake_483,fake_483@example.com,admin
fake_484,fake_484@example.com,admin
fake_485,fake_485@example.com,admin
fake_486,fake_486@example.com,admin
fake_487,fake_487@example.com,admin
fake_488,fake_488@example.com,admin
fake_489,fake_489@example.com,admin
fake_490,fake_490@example.com,admin
fake_491,fake_491@example.com,admin
fake_492,fake_492@example.com,admin
fake_493,fake_493@example.com,admin
fake_494,fake_494@example.com,admin
fake_495,fake_495@example.com,admin
fake_496,fake_496@example.com,admin
fake_497,fake_497@example.com,admin
fake_498,fake_498@example.com,admin
fake_499,fake_499@example.com,admin
fake_500,fake_500@example.com,admin
fake_501,fake_501@example.com,admin
fake_502,fake_502@example.com,admin
fake_503,fake_503@example.com,admin
fake_504,fake_504@example.com,admin
fake_505,fake_505@example.com,admin
fake_506,fake_506@example.com,admin
fake_507,fake_507@example.com,admin
fake_508,fake_508@example.com,admin
fake_509,fake_509@example.com,admin
fake_510,fake_510@example.com,admin
fake_511,fake_511@example.com,admin
fake_512,fake_512@example.com,admin
fake_513,fake_513@example.com,admin
fake_514,fake_514@example.com,admin
fake_515,fake_515@example.com,admin
fake_516,fake_516@example.com,admin
fake_517,fake_517@example.com,admin
fake_518,fake_518@example.com,admin
fake_519,fake_519@example.com,admin
fake_520,fake_520@example.com,admin
fake_521,fake_521@example.com,admin
fake_522,fake_522@example.com,admin
fake_523,fake_523@example.com,admin
fake_524,fake_524@example.com,admin
fake_525,fake_525@example.com,admin
fake_526,fake_526@example.com,admin
fake_527,fake_527@example.com,admin
fake_528,fake_528@example.com,admin
fake_529,fake_529@example.com,admin
fake_530,fake_530@example.com,admin
fake_531,fake_531@example.com,admin
fake_532,fake_532@example.com,admin
fake_533,fake_533@example.com,admin
fake_534,fake_534@example.com,admin
fake_535,fake_535@example.com,admin
fake_536,fake_536@example.com,admin
fake_537,fake_537@example.com,admin
fake_538,fake_538@example.com,admin
fake_539,fake_539@example.com,admin
fake_540,fake_540@example.com,admin
fake_541,fake_541@example.com,admin
fake_542,fake_542@example.com,admin
fake_543,fake_543@example.com,admin
fake_544,fake_544@example.com,admin
fake_545,fake_545@example.com,admin
fake_546,fake_546@example.com,admin
fake_547,fake_547@example.com,admin
fake_548,fake_548@example.com,admin
fake_549,fake_549@example.com,admin
fake_550,fake_550@example.com,admin
fake_551,fake_551@example.com,admin
fake_552,fake_552@example.com,admin
fake_553,fake_553@example.com,admin
fake_554,fake_554@example.com,admin
fake_555,fake_555@example.com,admin
fake_556,fake_556@example.com,admin
fake_557,fake_557@example.com,admin
fake_558,fake_558@example.com,admin
fake_559,fake_559@example.com,admin
fake_560,fake_560@example.com,admin
fake_561,fake_561@example.com,admin
fake_562,fake_562@example.com,admin
fake_563,fake_563@example.com,admin
fake_564,fake_564@example.com,admin
fake_565,fake_565@example.com,admin
fake_566,fake_566@example.com,admin
fake_567,fake_567@example.com,admin
fake_568,fake_568@example.com,admin
fake_569,fake_569@example.com,admin
fake_570,fake_570@example.com,admin
fake_571,fake_571@example.com,admin
fake_572,fake_572@example.com,admin
fake_573,fake_573@example.com,admin
fake_574,fake_574@example.com,admin
fake_575,fake_575@example.com,admin
fake_576,fake_576@example.com,admin
fake_577,fake_577@example.com,admin
fake_578,fake_578@example.com,admin
fake_579,fake_579@example.com,admin
fake_580,fake_580@example.com,admin
fake_581,fake_581@example.com,admin
fake_582,fake_582@example.com,admin
fake_583,fake_583@example.com,admin
fake_584,fake_584@example.com,admin
fake_585,fake_585@example.com,admin
fake_586,fake_586@example.com,admin
fake_587,fake_587@example.com,admin
fake_588,fake_588@example.com,admin
fake_589,fake_589@example.com,admin
fake_590,fake_590@example.com,admin
fake_591,fake_591@example.com,admin
fake_592,fake_592@example.com,admin
fake_593,fake_593@example.com,admin
fake_594,fake_594@example.com,admin
fake_595,fake_595@example.com,admin
fake_596,fake_596@example.com,admin
fake_597,fake_597@example.com,admin
fake_598,fake_598@example.com,admin
fake_599,fake_599@example.com,admin
fake_600,fake_600@example.com,admin
fake_601,fake_601@example.com,admin
fake_602,fake_602@example.com,admin
fake_603,fake_603@example.com,admin
fake_604,fake_604@example.com,admin
fake_605,fake_605@example.com,admin
fake_606,fake_606@example.com,admin
fake_607,fake_607@example.com,admin
fake_608,fake_608@example.com,admin
fake_609,fake_609@example.com,admin
fake_610,fake_610@example.com,admin
fake_611,fake_611@example.com,admin
fake_612,fake_612@example.com,admin
fake_613,fake_613@example.com,admin
fake_614,fake_614@example.com,admin
fake_615,fake_615@example.com,admin
fake_616,fake_616@example.com,admin
fake_617,fake_617@example.com,admin
fake_618,fake_618@example.com,admin
fake_619,fake_619@example.com,admin
fake_620,fake_620@example.com,admin
fake_621,fake_621@example.com,admin
fake_622,fake_622@example.com,admin
fake_623,fake_623@example.com,admin
fake_624,fake_624@example.com,admin
fake_625,fake_625@example.com,admin
fake_626,fake_626@example.com,admin
fake_627,fake_627@example.com,admin
fake_628,fake_628@example.com,admin
fake_629,fake_629@example.com,admin
fake_630,fake_630@example.com,admin
fake_631,fake_631@example.com,admin
fake_632,fake_632@example.com,admin
fake_633,fake_633@example.com,admin
fake_634,fake_634@example.com,admin
fake_635,fake_635@example.com,admin
fake_636,fake_636@example.com,admin
fake_637,fake_637@example.com,admin
fake_638,fake_638@example.com,admin
fake_639,fake_639@example.com,admin
fake_640,fake_640@example.com,admin
fake_641,fake_641@example.com,admin
fake_642,fake_642@example.com,admin
fake_643,fake_643@example.com,admin
fake_644,fake_644@example.com,admin
fake_645,fake_645@example.com,admin
fake_646,fake_646@example.com,admin
fake_647,fake_647@example.com,admin
fake_648,fake_648@example.com,admin
fake_649,fake_649@example.com,admin
fake_650,fake_650@example.com,admin
fake_651,fake_651@example.com,admin
fake_652,fake_652@example.com,admin
fake_653,fake_653@example.com,admin
fake_654,fake_654@example.com,admin
fake_655,fake_655@example.com,admin
fake_656,fake_656@example.com,admin
fake_657,fake_657@example.com,admin
fake_658,fake_658@example.com,admin
fake_659,fake_659@example.com,admin
fake_660,fake_660@example.com,admin
fake_661,fake_661@example.com,admin
fake_662,fake_662@example.com,admin
fake_663,fake_663@example.com,admin
fake_664,fake_664@example.com,admin
fake_665,fake_665@example.com,admin
fake_666,fake_666@example.com,admin
fake_667,fake_667@example.com,admin
fake_668,fake_668@example.com,admin
fake_669,fake_669@example.com,admin
fake_670,fake_670@example.com,admin
fake_671,fake_671@example.com,admin
fake_672,fake_672@example.com,admin
fake_673,fake_673@example.com,admin
fake_674,fake_674@example.com,admin
fake_675,fake_675@example.com,admin
fake_676,fake_676@example.com,admin
fake_677,fake_677@example.com,admin
fake_678,fake_678@example.com,admin
fake_679,fake_679@example.com,admin
fake_680,fake_680@example.com,admin
fake_681,fake_681@example.com,admin
fake_682,fake_682@example.com,admin
fake_683,fake_683@example.com,admin
fake_684,fake_684@example.com,admin
fake_685,fake_685@example.com,admin
fake_686,fake_686@example.com,admin
fake_687,fake_687@example.com,admin
fake_688,fake_688@example.com,admin
fake_689,fake_689@example.com,admin
fake_690,fake_690@example.com,admin
fake_691,fake_691@example.com,admin
fake_692,fake_692@example.com,admin
fake_693,fake_693@example.com,admin
fake_694,fake_694@example.com,admin
fake_695,fake_695@example.com,admin
fake_696,fake_696@example.com,admin
fake_697,fake_697@example.com,admin
fake_698,fake_698@example.com,admin
fake_699,fake_699@example.com,admin
fake_700,fake_700@example.com,admin
fake_701,fake_701@example.com,admin
fake_702,fake_702@example.com,admin
fake_703,fake_703@example.com,admin
fake_704,fake_704@example.com,admin
fake_705,fake_705@example.com,admin
fake_706,fake_706@example.com,admin
fake_707,fake_707@example.com,admin
fake_708,fake_708@example.com,admin
fake_709,fake_709@example.com,admin
fake_710,fake_710@example.com,admin
fake_711,fake_711@example.com,admin
fake_712,fake_712@example.com,admin
fake_713,fake_713@example.com,admin
fake_714,fake_714@example.com,admin
fake_715,fake_715@example.com,admin
fake_716,fake_716@example.com,admin
fake_717,fake_717@example.com,admin
fake_718,fake_718@example.com,admin
fake_719,fake_719@example.com,admin
fake_720,fake_720@example.com,admin
fake_721,fake_721@example.com,admin
fake_722,fake_722@example.com,admin
fake_723,fake_723@example.com,admin
fake_724,fake_724@example.com,admin
fake_725,fake_725@example.com,admin
fake_726,fake_726@example.com,admin
fake_727,fake_727@example.com,admin
fake_728,fake_728@example.com,admin
fake_729,fake_729@example.com,admin
fake_730,fake_730@example.com,admin
fake_731,fake_731@example.com,admin
fake_732,fake_732@example.com,admin
fake_733,fake_733@example.com,admin
fake_734,fake_734@example.com,admin
fake_735,fake_735@example.com,admin
fake_736,fake_736@example.com,admin
fake_737,fake_737@example.com,admin
fake_738,fake_738@example.com,admin
fake_739,fake_739@example.com,admin
fake_740,fake_740@example.com,admin
fake_741,fake_741@example.com,admin
fake_742,fake_742@example.com,admin
fake_743,fake_743@example.com,admin
fake_744,fake_744@example.com,admin
fake_745,fake_745@example.com,admin
fake_746,fake_746@example.com,admin
fake_747,fake_747@example.com,admin
fake_748,fake_748@example.com,admin
fake_749,fake_749@example.com,admin
fake_750,fake_750@example.com,admin
fake_751,fake_751@example.com,admin
fake_752,fake_752@example.com,admin
fake_753,fake_753@example.com,admin
fake_754,fake_754@example.com,admin
fake_755,fake_755@example.com,admin
fake_756,fake_756@example.com,admin
fake_757,fake_757@example.com,admin
fake_758,fake_758@example.com,admin
fake_759,fake_759@example.com,admin
fake_760,fake_760@example.com,admin
fake_761,fake_761@example.com,admin
fake_762,fake_762@example.com,admin
fake_763,fake_763@example.com,admin
fake_764,fake_764@example.com,admin
fake_765,fake_765@example.com,admin
fake_766,fake_766@example.com,admin
fake_767,fake_767@example.com,admin
fake_768,fake_768@example.com,admin
fake_769,fake_769@example.com,admin
fake_770,fake_770@example.com,admin
fake_771,fake_771@example.com,admin
fake_772,fake_772@example.com,admin
fake_773,fake_773@example.com,admin
fake_774,fake_774@example.com,admin
fake_775,fake_775@example.com,admin
fake_776,fake_776@example.com,admin
fake_777,fake_777@example.com,admin
fake_778,fake_778@example.com,admin
fake_779,fake_779@example.com,admin
fake_780,fake_780@example.com,admin
fake_781,fake_781@example.com,admin
fake_782,fake_782@example.com,admin
fake_783,fake_783@example.com,admin
fake_784,fake_784@example.com,admin
fake_785,fake_785@example.com,admin
fake_786,fake_786@example.com,admin
fake_787,fake_787@example.com,admin
fake_788,fake_788@example.com,admin
fake_789,fake_789@example.com,admin
fake_790,fake_790@example.com,admin
fake_791,fake_791@example.com,admin
fake_792,fake_792@example.com,admin
fake_793,fake_793@example.com,admin
fake_794,fake_794@example.com,admin
fake_795,fake_795@example.com,admin
fake_796,fake_796@example.com,admin
fake_797,fake_797@example.com,admin
fake_798,fake_798@example.com,admin
fake_799,fake_799@example.com,admin
fake_800,fake_800@example.com,admin
fake_801,fake_801@example.com,admin
fake_802,fake_802@example.com,admin
fake_803,fake_803@example.com,admin
fake_804,fake_804@example.com,admin
fake_805,fake_805@example.com,admin
fake_806,fake_806@example.com,admin
fake_807,fake_807@example.com,admin
fake_808,fake_808@example.com,admin
fake_809,fake_809@example.com,admin
fake_810,fake_810@example.com,admin
fake_811,fake_811@example.com,admin
fake_812,fake_812@example.com,admin
fake_813,fake_813@example.com,admin
fake_814,fake_814@example.com,admin
fake_815,fake_815@example.com,admin
fake_816,fake_816@example.com,admin
fake_817,fake_817@example.com,admin
fake_818,fake_818@example.com,admin
fake_819,fake_819@example.com,admin
fake_820,fake_820@example.com,admin
fake_821,fake_821@example.com,admin
fake_822,fake_822@example.com,admin
fake_823,fake_823@example.com,admin
fake_824,fake_824@example.com,admin
fake_825,fake_825@example.com,admin
fake_826,fake_826@example.com,admin
fake_827,fake_827@example.com,admin
fake_828,fake_828@example.com,admin
fake_829,fake_829@example.com,admin
fake_830,fake_830@example.com,admin
fake_831,fake_831@example.com,admin
fake_832,fake_832@example.com,admin
fake_833,fake_833@example.com,admin
fake_834,fake_834@example.com,admin
fake_835,fake_835@example.com,admin
fake_836,fake_836@example.com,admin
fake_837,fake_837@example.com,admin
fake_838,fake_838@example.com,admin
fake_839,fake_839@example.com,admin
fake_840,fake_840@example.com,admin
fake_841,fake_841@example.com,admin
fake_842,fake_842@example.com,admin
fake_843,fake_843@example.com,admin
fake_844,fake_844@example.com,admin
fake_845,fake_845@example.com,admin
fake_846,fake_846@example.com,admin
fake_847,fake_847@example.com,admin
fake_848,fake_848@example.com,admin
fake_849,fake_849@example.com,admin
fake_850,fake_850@example.com,admin
fake_851,fake_851@example.com,admin
fake_852,fake_852@example.com,admin
fake_853,fake_853@example.com,admin
fake_854,fake_854@example.com,admin
fake_855,fake_855@example.com,admin
fake_856,fake_856@example.com,admin
fake_857,fake_857@example.com,admin
fake_858,fake_858@example.com,admin
fake_859,fake_859@example.com,admin
fake_860,fake_860@example.com,admin
fake_861,fake_861@example.com,admin
fake_862,fake_862@example.com,admin
fake_863,fake_863@example.com,admin
fake_864,fake_864@example.com,admin
fake_865,fake_865@example.com,admin
fake_866,fake_866@example.com,admin
fake_867,fake_867@example.com,admin
fake_868,fake_868@example.com,admin
fake_869,fake_869@example.com,admin
fake_870,fake_870@example.com,admin
fake_871,fake_871@example.com,admin
fake_872,fake_872@example.com,admin
fake_873,fake_873@example.com,admin
fake_874,fake_874@example.com,admin
fake_875,fake_875@example.com,admin
fake_876,fake_876@example.com,admin
fake_877,fake_877@example.com,admin
fake_878,fake_878@example.com,admin
fake_879,fake_879@example.com,admin
fake_880,fake_880@example.com,admin
fake_881,fake_881@example.com,admin
fake_882,fake_882@example.com,admin
fake_883,fake_883@example.com,admin
fake_884,fake_884@example.com,admin
fake_885,fake_885@example.com,admin
fake_886,fake_886@example.com,admin
fake_887,fake_887@example.com,admin
fake_888,fake_888@example.com,admin
fake_889,fake_889@example.com,admin
fake_890,fake_890@example.com,admin
fake_891,fake_891@example.com,admin
fake_892,fake_892@example.com,admin
fake_893,fake_893@example.com,admin
fake_894,fake_894@example.com,admin
fake_895,fake_895@example.com,admin
fake_896,fake_896@example.com,admin
fake_897,fake_897@example.com,admin
fake_898,fake_898@example.com,admin
fake_899,fake_899@example.com,admin
fake_900,fake_900@example.com,admin
fake_901,fake_901@example.com,admin
fake_902,fake_902@example.com,admin
fake_903,fake_903@example.com,admin
fake_904,fake_904@example.com,admin
fake_905,fake_905@example.com,admin
fake_906,fake_906@example.com,admin
fake_907,fake_907@example.com,admin
fake_908,fake_908@example.com,admin
fake_909,fake_909@example.com,admin
fake_910,fake_910@example.com,admin
fake_911,fake_911@example.com,admin
fake_912,fake_912@example.com,admin
fake_913,fake_913@example.com,admin
fake_914,fake_914@example.com,admin
fake_915,fake_915@example.com,admin
fake_916,fake_916@example.com,admin
fake_917,fake_917@example.com,admin
fake_918,fake_918@example.com,admin
fake_919,fake_919@example.com,admin
fake_920,fake_920@example.com,admin
fake_921,fake_921@example.com,admin
fake_922,fake_922@example.com,admin
fake_923,fake_923@example.com,admin
fake_924,fake_924@example.com,admin
fake_925,fake_925@example.com,admin
fake_926,fake_926@example.com,admin
fake_927,fake_927@example.com,admin
fake_928,fake_928@example.com,admin
fake_929,fake_929@example.com,admin
fake_930,fake_930@example.com,admin
fake_931,fake_931@example.com,admin
fake_932,fake_932@example.com,admin
fake_933,fake_933@example.com,admin
fake_934,fake_934@example.com,admin
fake_935,fake_935@example.com,admin
fake_936,fake_936@example.com,admin
fake_937,fake_937@example.com,admin
fake_938,fake_938@example.com,admin
fake_939,fake_939@example.com,admin
fake_940,fake_940@example.com,admin
fake_941,fake_941@example.com,admin
fake_942,fake_942@example.com,admin
fake_943,fake_943@example.com,admin
fake_944,fake_944@example.com,admin
fake_945,fake_945@example.com,admin
fake_946,fake_946@example.com,admin
fake_947,fake_947@example.com,admin
fake_948,fake_948@example.com,admin
fake_949,fake_949@example.com,admin
fake_950,fake_950@example.com,admin
fake_951,fake_951@example.com,admin
fake_952,fake_952@example.com,admin
fake_953,fake_953@example.com,admin
fake_954,fake_954@example.com,admin
fake_955,fake_955@example.com,admin
fake_956,fake_956@example.com,admin
fake_957,fake_957@example.com,admin
fake_958,fake_958@example.com,admin
fake_959,fake_959@example.com,admin
fake_960,fake_960@example.com,admin
fake_961,fake_961@example.com,admin
fake_962,fake_962@example.com,admin
fake_963,fake_963@example.com,admin
fake_964,fake_964@example.com,admin
fake_965,fake_965@example.com,admin
fake_966,fake_966@example.com,admin
fake_967,fake_967@example.com,admin
fake_968,fake_968@example.com,admin
fake_969,fake_969@example.com,admin
fake_970,fake_970@example.com,admin
fake_971,fake_971@example.com,admin
fake_972,fake_972@example.com,admin
fake_973,fake_973@example.com,admin
fake_974,fake_974@example.com,admin
fake_975,fake_975@example.com,admin
fake_976,fake_976@example.com,admin
fake_977,fake_977@example.com,admin
fake_978,fake_978@example.com,admin
fake_979,fake_979@example.com,admin
fake_980,fake_980@example.com,admin
fake_981,fake_981@example.com,admin
fake_982,fake_982@example.com,admin
fake_983,fake_983@example.com,admin
fake_984,fake_984@example.com,admin
fake_985,fake_985@example.com,admin
fake_986,fake_986@example.com,admin
fake_987,fake_987@example.com,admin
fake_988,fake_988@example.com,admin
fake_989,fake_989@example.com,admin
fake_990,fake_990@example.com,admin
fake_991,fake_991@example.com,admin
fake_992,fake_992@example.com,admin
fake_993,fake_993@example.com,admin
fake_994,fake_994@example.com,admin
fake_995,fake_995@example.com,admin
fake_996,fake_996@example.com,admin
fake_997,fake_997@example.com,admin
fake_998,fake_998@example.com,admin
fake_999,fake_999@example.com,admin
fake_1000,fake_1000@example.com,admin
fake_1001,fake_1001@example.com,admin
fake_1002,fake_1002@example.com,admin
fake_1003,fake_1003@example.com,admin
fake_1004,fake_1004@example.com,admin
fake_1005,fake_1005@example.com,admin
fake_1006,fake_1006@example.com,admin
fake_1007,fake_1007@example.com,admin
fake_1008,fake_1008@example.com,admin
fake_1009,fake_1009@example.com,admin
fake_1010,fake_1010@example.com,admin
fake_1011,fake_1011@example.com,admin
fake_1012,fake_1012@example.com,admin
fake_1013,fake_1013@example.com,admin
fake_1014,fake_1014@example.com,admin
fake_1015,fake_1015@example.com,admin
fake_1016,fake_1016@example.com,admin
fake_1017,fake_1017@example.com,admin
fake_1018,fake_1018@example.com,admin
fake_1019,fake_1019@example.com,admin
fake_1020,fake_1020@example.com,admin
fake_1021,fake_1021@example.com,admin
fake_1022,fake_1022@example.com,admin
fake_1023,fake_1023@example.com,admin
fake_1024,fake_1024@example.com,admin
fake_1025,fake_1025@example.com,admin
fake_1026,fake_1026@example.com,admin
fake_1027,fake_1027@example.com,admin
fake_1028,fake_1028@example.com,admin
fake_1029,fake_1029@example.com,admin
fake_1030,fake_1030@example.com,admin
fake_1031,fake_1031@example.com,admin
fake_1032,fake_1032@example.com,admin
fake_1033,fake_1033@example.com,admin
fake_1034,fake_1034@example.com,admin
fake_1035,fake_1035@example.com,admin
fake_1036,fake_1036@example.com,admin
fake_1037,fake_1037@example.com,admin
fake_1038,fake_1038@example.com,admin
fake_1039,fake_1039@example.com,admin
fake_1040,fake_1040@example.com,admin
fake_1041,fake_1041@example.com,admin
fake_1042,fake_1042@example.com,admin
fake_1043,fake_1043@example.com,admin
fake_1044,fake_1044@example.com,admin
fake_1045,fake_1045@example.com,admin
fake_1046,fake_1046@example.com,admin
fake_1047,fake_1047@example.com,admin
fake_1048,fake_1048@example.com,admin
fake_1049,fake_1049@example.com,admin
fake_1050,fake_1050@example.com,admin
fake_1051,fake_1051@example.com,admin
fake_1052,fake_1052@example.com,admin
fake_1053,fake_1053@example.com,admin
fake_1054,fake_1054@example.com,admin
fake_1055,fake_1055@example.com,admin
fake_1056,fake_1056@example.com,admin
fake_1057,fake_1057@example.com,admin
fake_1058,fake_1058@example.com,admin
fake_1059,fake_1059@example.com,admin
fake_1060,fake_1060@example.com,admin
fake_1061,fake_1061@example.com,admin
fake_1062,fake_1062@example.com,admin
fake_1063,fake_1063@example.com,admin
fake_1064,fake_1064@example.com,admin
fake_1065,fake_1065@example.com,admin
fake_1066,fake_1066@example.com,admin
fake_1067,fake_1067@example.com,admin
fake_1068,fake_1068@example.com,admin
fake_1069,fake_1069@example.com,admin
fake_1070,fake_1070@example.com,admin
fake_1071,fake_1071@example.com,admin
fake_1072,fake_1072@example.com,admin
fake_1073,fake_1073@example.com,admin
fake_1074,fake_1074@example.com,admin
fake_1075,fake_1075@example.com,admin
fake_1076,fake_1076@example.com,admin
fake_1077,fake_1077@example.com,admin
fake_1078,fake_1078@example.com,admin
fake_1079,fake_1079@example.com,admin
fake_1080,fake_1080@example.com,admin
fake_1081,fake_1081@example.com,admin
fake_1082,fake_1082@example.com,admin
fake_1083,fake_1083@example.com,admin
fake_1084,fake_1084@example.com,admin
fake_1085,fake_1085@example.com,admin
fake_1086,fake_1086@example.com,admin
fake_1087,fake_1087@example.com,admin
fake_1088,fake_1088@example.com,admin
fake_1089,fake_1089@example.com,admin
fake_1090,fake_1090@example.com,admin
fake_1091,fake_1091@example.com,admin
fake_1092,fake_1092@example.com,admin
fake_1093,fake_1093@example.com,admin
fake_1094,fake_1094@example.com,admin
fake_1095,fake_1095@example.com,admin
fake_1096,fake_1096@example.com,admin
fake_1097,fake_1097@example.com,admin
fake_1098,fake_1098@example.com,admin
fake_1099,fake_1099@example.com,admin
fake_1100,fake_1100@example.com,admin
fake_1101,fake_1101@example.com,admin
fake_1102,fake_1102@example.com,admin
fake_1103,fake_1103@example.com,admin
fake_1104,fake_1104@example.com,admin
fake_1105,fake_1105@example.com,admin
fake_1106,fake_1106@example.com,admin
fake_1107,fake_1107@example.com,admin
fake_1108,fake_1108@example.com,admin
fake_1109,fake_1109@example.com,admin
fake_1110,fake_1110@example.com,admin
fake_1111,fake_1111@example.com,admin
fake_1112,fake_1112@example.com,admin
fake_1113,fake_1113@example.com,admin
fake_1114,fake_1114@example.com,admin
fake_1115,fake_1115@example.com,admin
fake_1116,fake_1116@example.com,admin
fake_1117,fake_1117@example.com,admin
fake_1118,fake_1118@example.com,admin
fake_1119,fake_1119@example.com,admin
fake_1120,fake_1120@example.com,admin
fake_1121,fake_1121@example.com,admin
fake_1122,fake_1122@example.com,admin
fake_1123,fake_1123@example.com,admin
fake_1124,fake_1124@example.com,admin
fake_1125,fake_1125@example.com,admin
fake_1126,fake_1126@example.com,admin
fake_1127,fake_1127@example.com,admin
fake_1128,fake_1128@example.com,admin
fake_1129,fake_1129@example.com,admin
fake_1130,fake_1130@example.com,admin
fake_1131,fake_1131@example.com,admin
fake_1132,fake_1132@example.com,admin
fake_1133,fake_1133@example.com,admin
fake_1134,fake_1134@example.com,admin
fake_1135,fake_1135@example.com,admin
fake_1136,fake_1136@example.com,admin
fake_1137,fake_1137@example.com,admin
fake_1138,fake_1138@example.com,admin
fake_1139,fake_1139@example.com,admin
fake_1140,fake_1140@example.com,admin
fake_1141,fake_1141@example.com,admin
fake_1142,fake_1142@example.com,admin
fake_1143,fake_1143@example.com,admin
fake_1144,fake_1144@example.com,admin
fake_1145,fake_1145@example.com,admin
fake_1146,fake_1146@example.com,admin
fake_1147,fake_1147@example.com,admin
fake_1148,fake_1148@example.com,admin
fake_1149,fake_1149@example.com,admin
fake_1150,fake_1150@example.com,admin
fake_1151,fake_1151@example.com,admin
fake_1152,fake_1152@example.com,admin
fake_1153,fake_1153@example.com,admin
fake_1154,fake_1154@example.com,admin
fake_1155,fake_1155@example.com,admin
fake_1156,fake_1156@example.com,admin
fake_1157,fake_1157@example.com,admin
fake_1158,fake_1158@example.com,admin
fake_1159,fake_1159@example.com,admin
fake_1160,fake_1160@example.com,admin
fake_1161,fake_1161@example.com,admin
fake_1162,fake_1162@example.com,admin
fake_1163,fake_1163@example.com,admin
fake_1164,fake_1164@example.com,admin
fake_1165,fake_1165@example.com,admin
fake_1166,fake_1166@example.com,admin
fake_1167,fake_1167@example.com,admin
fake_1168,fake_1168@example.com,admin
fake_1169,fake_1169@example.com,admin
fake_1170,fake_1170@example.com,admin
fake_1171,fake_1171@example.com,admin
fake_1172,fake_1172@example.com,admin
fake_1173,fake_1173@example.com,admin
fake_1174,fake_1174@example.com,admin
fake_1175,fake_1175@example.com,admin
fake_1176,fake_1176@example.com,admin
fake_1177,fake_1177@example.com,admin
fake_1178,fake_1178@example.com,admin
fake_1179,fake_1179@example.com,admin
fake_1180,fake_1180@example.com,admin
fake_1181,fake_1181@example.com,admin
fake_1182,fake_1182@example.com,admin
fake_1183,fake_1183@example.com,admin
fake_1184,fake_1184@example.com,admin
fake_1185,fake_1185@example.com,admin
fake_1186,fake_1186@example.com,admin
fake_1187,fake_1187@example.com,admin
fake_1188,fake_1188@example.com,admin
fake_1189,fake_1189@example.com,admin
fake_1190,fake_1190@example.com,admin
fake_1191,fake_1191@example.com,admin
fake_1192,fake_1192@example.com,admin
fake_1193,fake_1193@example.com,admin
fake_1194,fake_1194@example.com,admin
fake_1195,fake_1195@example.com,admin
fake_1196,fake_1196@example.com,admin
fake_1197,fake_1197@example.com,admin
fake_1198,fake_1198@example.com,admin
fake_1199,fake_1199@example.com,admin
fake_1200,fake_1200@example.com,admin
fake_1201,fake_1201@example.com,admin
fake_1202,fake_1202@example.com,admin
fake_1203,fake_1203@example.com,admin
fake_1204,fake_1204@example.com,admin
fake_1205,fake_1205@example.com,admin
fake_1206,fake_1206@example.com,admin
fake_1207,fake_1207@example.com,admin
fake_1208,fake_1208@example.com,admin
fake_1209,fake_1209@example.com,admin
fake_1210,fake_1210@example.com,admin
fake_1211,fake_1211@example.com,admin
fake_1212,fake_1212@example.com,admin
fake_1213,fake_1213@example.com,admin
fake_1214,fake_1214@example.com,admin
fake_1215,fake_1215@example.com,admin
fake_1216,fake_1216@example.com,admin
fake_1217,fake_1217@example.com,admin
fake_1218,fake_1218@example.com,admin
fake_1219,fake_1219@example.com,admin
fake_1220,fake_1220@example.com,admin
fake_1221,fake_1221@example.com,admin
fake_1222,fake_1222@example.com,admin
fake_1223,fake_1223@example.com,admin
fake_1224,fake_1224@example.com,admin
fake_1225,fake_1225@example.com,admin
fake_1226,fake_1226@example.com,admin
fake_1227,fake_1227@example.com,admin
fake_1228,fake_1228@example.com,admin
fake_1229,fake_1229@example.com,admin
fake_1230,fake_1230@example.com,admin
fake_1231,fake_1231@example.com,admin
fake_1232,fake_1232@example.com,admin
fake_1233,fake_1233@example.com,admin
fake_1234,fake_1234@example.com,admin
fake_1235,fake_1235@example.com,admin
fake_1236,fake_1236@example.com,admin
fake_1237,fake_1237@example.com,admin
fake_1238,fake_1238@example.com,admin
fake_1239,fake_1239@example.com,admin
fake_1240,fake_1240@example.com,admin
fake_1241,fake_1241@example.com,admin
fake_1242,fake_1242@example.com,admin
fake_1243,fake_1243@example.com,admin
fake_1244,fake_1244@example.com,admin
fake_1245,fake_1245@example.com,admin
fake_1246,fake_1246@example.com,admin
fake_1247,fake_1247@example.com,admin
fake_1248,fake_1248@example.com,admin
fake_1249,fake_1249@example.com,admin
fake_1250,fake_1250@example.com,admin
fake_1251,fake_1251@example.com,admin
fake_1252,fake_1252@example.com,admin
fake_1253,fake_1253@example.com,admin
fake_1254,fake_1254@example.com,admin
fake_1255,fake_1255@example.com,admin
fake_1256,fake_1256@example.com,admin
fake_1257,fake_1257@example.com,admin
fake_1258,fake_1258@example.com,admin
fake_1259,fake_1259@example.com,admin
fake_1260,fake_1260@example.com,admin
fake_1261,fake_1261@example.com,admin
fake_1262,fake_1262@example.com,admin
fake_1263,fake_1263@example.com,admin
fake_1264,fake_1264@example.com,admin
fake_1265,fake_1265@example.com,admin
fake_1266,fake_1266@example.com,admin
fake_1267,fake_1267@example.com,admin
fake_1268,fake_1268@example.com,admin
fake_1269,fake_1269@example.com,admin
fake_1270,fake_1270@example.com,admin
fake_1271,fake_1271@example.com,admin
fake_1272,fake_1272@example.com,admin
fake_1273,fake_1273@example.com,admin
fake_1274,fake_1274@example.com,admin
fake_1275,fake_1275@example.com,admin
fake_1276,fake_1276@example.com,admin
fake_1277,fake_1277@example.com,admin
fake_1278,fake_1278@example.com,admin
fake_1279,fake_1279@example.com,admin
fake_1280,fake_1280@example.com,admin
fake_1281,fake_1281@example.com,admin
fake_1282,fake_1282@example.com,admin
fake_1283,fake_1283@example.com,admin
fake_1284,fake_1284@example.com,admin
fake_1285,fake_1285@example.com,admin
fake_1286,fake_1286@example.com,admin
fake_1287,fake_1287@example.com,admin
fake_1288,fake_1288@example.com,admin
fake_1289,fake_1289@example.com,admin
fake_1290,fake_1290@example.com,admin
fake_1291,fake_1291@example.com,admin
fake_1292,fake_1292@example.com,admin
fake_1293,fake_1293@example.com,admin
fake_1294,fake_1294@example.com,admin
fake_1295,fake_1295@example.com,admin
fake_1296,fake_1296@example.com,admin
fake_1297,fake_1297@example.com,admin
fake_1298,fake_1298@example.com,admin
fake_1299,fake_1299@example.com,admin
fake_1300,fake_1300@example.com,admin
fake_1301,fake_1301@example.com,admin
fake_1302,fake_1302@example.com,admin
fake_1303,fake_1303@example.com,admin
fake_1304,fake_1304@example.com,admin
fake_1305,fake_1305@example.com,admin
fake_1306,fake_1306@example.com,admin
fake_1307,fake_1307@example.com,admin
fake_1308,fake_1308@example.com,admin
fake_1309,fake_1309@example.com,admin
fake_1310,fake_1310@example.com,admin
fake_1311,fake_1311@example.com,admin
fake_1312,fake_1312@example.com,admin
fake_1313,fake_1313@example.com,admin
fake_1314,fake_1314@example.com,admin
fake_1315,fake_1315@example.com,admin
fake_1316,fake_1316@example.com,admin
fake_1317,fake_1317@example.com,admin
fake_1318,fake_1318@example.com,admin
fake_1319,fake_1319@example.com,admin
fake_1320,fake_1320@example.com,admin
fake_1321,fake_1321@example.com,admin
fake_1322,fake_1322@example.com,admin
fake_1323,fake_1323@example.com,admin
fake_1324,fake_1324@example.com,admin
fake_1325,fake_1325@example.com,admin
fake_1326,fake_1326@example.com,admin
fake_1327,fake_1327@example.com,admin
fake_1328,fake_1328@example.com,admin
fake_1329,fake_1329@example.com,admin
fake_1330,fake_1330@example.com,admin
fake_1331,fake_1331@example.com,admin
fake_1332,fake_1332@example.com,admin
fake_1333,fake_1333@example.com,admin
fake_1334,fake_1334@example.com,admin
fake_1335,fake_1335@example.com,admin
fake_1336,fake_1336@example.com,admin
fake_1337,fake_1337@example.com,admin
fake_1338,fake_1338@example.com,admin
fake_1339,fake_1339@example.com,admin
fake_1340,fake_1340@example.com,admin
fake_1341,fake_1341@example.com,admin
fake_1342,fake_1342@example.com,admin
fake_1343,fake_1343@example.com,admin
fake_1344,fake_1344@example.com,admin
fake_1345,fake_1345@example.com,admin
fake_1346,fake_1346@example.com,admin
fake_1347,fake_1347@example.com,admin
fake_1348,fake_1348@example.com,admin
fake_1349,fake_1349@example.com,admin
fake_1350,fake_1350@example.com,admin
fake_1351,fake_1351@example.com,admin
fake_1352,fake_1352@example.com,admin
fake_1353,fake_1353@example.com,admin
fake_1354,fake_1354@example.com,admin
fake_1355,fake_1355@example.com,admin
fake_1356,fake_1356@example.com,admin
fake_1357,fake_1357@example.com,admin
fake_1358,fake_1358@example.com,admin
fake_1359,fake_1359@example.com,admin
fake_1360,fake_1360@example.com,admin
fake_1361,fake_1361@example.com,admin
fake_1362,fake_1362@example.com,admin
fake_1363,fake_1363@example.com,admin
fake_1364,fake_1364@example.com,admin
fake_1365,fake_1365@example.com,admin
fake_1366,fake_1366@example.com,admin
fake_1367,fake_1367@example.com,admin
fake_1368,fake_1368@example.com,admin
fake_1369,fake_1369@example.com,admin
fake_1370,fake_1370@example.com,admin
fake_1371,fake_1371@example.com,admin
fake_1372,fake_1372@example.com,admin
fake_1373,fake_1373@example.com,admin
fake_1374,fake_1374@example.com,admin
fake_1375,fake_1375@example.com,admin
fake_1376,fake_1376@example.com,admin
fake_1377,fake_1377@example.com,admin
fake_1378,fake_1378@example.com,admin
fake_1379,fake_1379@example.com,admin
fake_1380,fake_1380@example.com,admin
fake_1381,fake_1381@example.com,admin
fake_1382,fake_1382@example.com,admin
fake_1383,fake_1383@example.com,admin
fake_1384,fake_1384@example.com,admin
fake_1385,fake_1385@example.com,admin
fake_1386,fake_1386@example.com,admin
fake_1387,fake_1387@example.com,admin
fake_1388,fake_1388@example.com,admin
fake_1389,fake_1389@example.com,admin
fake_1390,fake_1390@example.com,admin
fake_1391,fake_1391@example.com,admin
fake_1392,fake_1392@example.com,admin
fake_1393,fake_1393@example.com,admin
fake_1394,fake_1394@example.com,admin
fake_1395,fake_1395@example.com,admin
fake_1396,fake_1396@example.com,admin
fake_1397,fake_1397@example.com,admin
fake_1398,fake_1398@example.com,admin
fake_1399,fake_1399@example.com,admin
fake_1400,fake_1400@example.com,admin
fake_1401,fake_1401@example.com,admin
fake_1402,fake_1402@example.com,admin
fake_1403,fake_1403@example.com,admin
fake_1404,fake_1404@example.com,admin
fake_1405,fake_1405@example.com,admin
fake_1406,fake_1406@example.com,admin
fake_1407,fake_1407@example.com,admin
fake_1408,fake_1408@example.com,admin
fake_1409,fake_1409@example.com,admin
fake_1410,fake_1410@example.com,admin
fake_1411,fake_1411@example.com,admin
fake_1412,fake_1412@example.com,admin
fake_1413,fake_1413@example.com,admin
fake_1414,fake_1414@example.com,admin
fake_1415,fake_1415@example.com,admin
fake_1416,fake_1416@example.com,admin
fake_1417,fake_1417@example.com,admin
fake_1418,fake_1418@example.com,admin
fake_1419,fake_1419@example.com,admin
fake_1420,fake_1420@example.com,admin
fake_1421,fake_1421@example.com,admin
fake_1422,fake_1422@example.com,admin
fake_1423,fake_1423@example.com,admin
fake_1424,fake_1424@example.com,admin
fake_1425,fake_1425@example.com,admin
fake_1426,fake_1426@example.com,admin
fake_1427,fake_1427@example.com,admin
fake_1428,fake_1428@example.com,admin
fake_1429,fake_1429@example.com,admin
fake_1430,fake_1430@example.com,admin
fake_1431,fake_1431@example.com,admin
fake_1432,fake_1432@example.com,admin
fake_1433,fake_1433@example.com,admin
fake_1434,fake_1434@example.com,admin
fake_1435,fake_1435@example.com,admin
fake_1436,fake_1436@example.com,admin
fake_1437,fake_1437@example.com,admin
fake_1438,fake_1438@example.com,admin
fake_1439,fake_1439@example.com,admin
fake_1440,fake_1440@example.com,admin
fake_1441,fake_1441@example.com,admin
fake_1442,fake_1442@example.com,admin
fake_1443,fake_1443@example.com,admin
fake_1444,fake_1444@example.com,admin
fake_1445,fake_1445@example.com,admin
fake_1446,fake_1446@example.com,admin
fake_1447,fake_1447@example.com,admin
fake_1448,fake_1448@example.com,admin
fake_1449,fake_1449@example.com,admin
fake_1450,fake_1450@example.com,admin
fake_1451,fake_1451@example.com,admin
fake_1452,fake_1452@example.com,admin
fake_1453,fake_1453@example.com,admin
fake_1454,fake_1454@example.com,admin
fake_1455,fake_1455@example.com,admin
fake_1456,fake_1456@example.com,admin
fake_1457,fake_1457@example.com,admin
fake_1458,fake_1458@example.com,admin
fake_1459,fake_1459@example.com,admin
fake_1460,fake_1460@example.com,admin
fake_1461,fake_1461@example.com,admin
fake_1462,fake_1462@example.com,admin
fake_1463,fake_1463@example.com,admin
fake_1464,fake_1464@example.com,admin
fake_1465,fake_1465@example.com,admin
fake_1466,fake_1466@example.com,admin
fake_1467,fake_1467@example.com,admin
fake_1468,fake_1468@example.com,admin
fake_1469,fake_1469@example.com,admin
fake_1470,fake_1470@example.com,admin
fake_1471,fake_1471@example.com,admin
fake_1472,fake_1472@example.com,admin
fake_1473,fake_1473@example.com,admin
fake_1474,fake_1474@example.com,admin
fake_1475,fake_1475@example.com,admin
fake_1476,fake_1476@example.com,admin
fake_1477,fake_1477@example.com,admin
fake_1478,fake_1478@example.com,admin
fake_1479,fake_1479@example.com,admin
fake_1480,fake_1480@example.com,admin
fake_1481,fake_1481@example.com,admin
fake_1482,fake_1482@example.com,admin
fake_1483,fake_1483@example.com,admin
fake_1484,fake_1484@example.com,admin
fake_1485,fake_1485@example.com,admin
fake_1486,fake_1486@example.com,admin
fake_1487,fake_1487@example.com,admin
fake_1488,fake_1488@example.com,admin
fake_1489,fake_1489@example.com,admin
fake_1490,fake_1490@example.com,admin
fake_1491,fake_1491@example.com,admin
fake_1492,fake_1492@example.com,admin
fake_1493,fake_1493@example.com,admin
fake_1494,fake_1494@example.com,admin
fake_1495,fake_1495@example.com,admin
fake_1496,fake_1496@example.com,admin
fake_1497,fake_1497@example.com,admin
fake_1498,fake_1498@example.com,admin
fake_1499,fake_1499@example.com,admin
fake_1500,fake_1500@example.com,admin
